Chromosome,Start,Stop,ClinicalSignificance,PhenotypeList,PhenotypeIDS
1,15889987,15889987,Pathogenic,Inborn genetic diseases|SPEN-related disorder,
1,15891987,15891987,Uncertain significance,SPEN-related disorder|Inborn genetic diseases,
1,15893987,15893987,Pathogenic,not provided|Radio-Tartaglia syndrome,
1,15895687,15895687,Pathogenic,Radio-Tartaglia syndrome|Inborn genetic diseases,
1,15895987,15895987,Uncertain significance,Inborn genetic diseases|not provided,
1,15897687,15897687,Uncertain significance,Radio-Tartaglia syndrome|not provided,
1,15897987,15897987,Pathogenic,Radio-Tartaglia syndrome,
1,15898387,15898387,Likely benign,not provided,
1,15908335,15908335,Pathogenic,Neurodevelopmental delay,
1,15910335,15910335,Uncertain significance,Inborn genetic diseases|Radio-Tartaglia syndrome,
1,15912335,15912335,Pathogenic,not provided|Radio-Tartaglia syndrome,
1,15914035,15914035,Pathogenic,Radio-Tartaglia syndrome|Inborn genetic diseases,
1,15914335,15914335,Uncertain significance,not provided|Inborn genetic diseases,
1,15916035,15916035,Uncertain significance,SPEN-related disorder|Inborn genetic diseases,
1,15916335,15916335,Pathogenic,Radio-Tartaglia syndrome,
1,15916735,15916735,Likely benign,not provided,
1,15939987,15939987,Pathogenic,Inborn genetic diseases,
1,15940087,15940087,Benign,not provided,
1,15940287,15940287,Likely pathogenic,Neurodevelopmental delay,
1,15941587,15941587,Benign,not provided,
1,15941987,15941987,Likely pathogenic,SPEN-related disorder,
1,15942287,15942287,Pathogenic,not provided|SPEN-related disorder,
1,15943987,15943987,Pathogenic,not provided|Inborn genetic diseases,
1,15944287,15944287,Likely pathogenic,Moyamoya angiopathy,
1,15945987,15945987,Likely pathogenic,See cases,
1,15947987,15947987,Pathogenic,Inborn genetic diseases|Radio-Tartaglia syndrome,
1,15958335,15958335,Pathogenic,Inborn genetic diseases,
1,15958435,15958435,Benign,not provided,
1,15958635,15958635,Likely pathogenic,Radio-Tartaglia syndrome|not provided,
1,15959935,15959935,Benign,not provided,
1,15960335,15960335,Likely pathogenic,SPEN-related disorder,
1,15960635,15960635,Pathogenic,SPEN-related neurodevelopmental disorder,
1,15962335,15962335,Pathogenic,Inborn genetic diseases|not provided,
1,15962635,15962635,Likely pathogenic,Neurodevelopmental abnormality|not provided|Radio-Tartaglia syndrome|Inborn genetic diseases,
1,15964335,15964335,Likely pathogenic,See cases,
1,15966335,15966335,Pathogenic,Inborn genetic diseases|SPEN-related disorder,
1,20663926,20663926,Likely benign,not provided,
1,20688675,20688675,Likely benign,not provided,
1,20705626,20705626,Benign,not provided,
1,20707126,20707126,Benign,not provided,
1,20730375,20730375,Benign,not provided,
1,20731875,20731875,Benign,not provided,
1,21825923,21825923,Pathogenic,Schwartz-Jampel syndrome|Lethal Kniest-like syndrome|not provided,
1,21827923,21827923,Uncertain significance,Schwartz-Jampel syndrome|Lethal Kniest-like syndrome,
1,21829923,21829923,Pathogenic,Infantile hypophosphatasia,
1,21831623,21831623,Pathogenic,not specified|not provided,
1,21831923,21831923,Uncertain significance,Schwartz-Jampel syndrome type 1,
1,21833623,21833623,Uncertain significance,Lethal Kniest-like syndrome|Schwartz-Jampel syndrome|not provided,
1,21833923,21833923,Pathogenic,not provided|Inborn genetic diseases,
1,21834323,21834323,Likely benign,not provided,
1,21875923,21875923,Pathogenic,Inborn genetic diseases,
1,21876023,21876023,Benign,not provided,
1,21876223,21876223,Likely pathogenic,Lethal Kniest-like syndrome|Schwartz-Jampel syndrome,
1,21877523,21877523,Benign,not provided,
1,21877923,21877923,Likely pathogenic,Lethal Kniest-like syndrome,
1,21878223,21878223,Pathogenic,Adult hypophosphatasia,
1,21879923,21879923,Pathogenic,Childhood hypophosphatasia,
1,21880223,21880223,Likely pathogenic,not provided|HSPG2-related disorder,
1,21881923,21881923,Likely pathogenic,Inborn genetic diseases|not provided,
1,21883923,21883923,Pathogenic,Hypophosphatasia,
1,52343469,52343469,Likely benign,not provided,
1,52385069,52385069,Pathogenic,Meier-Gorlin syndrome 1,
1,52385169,52385169,Benign,not provided,
1,52386669,52386669,Benign,not provided,
1,94073526,94073526,Pathogenic,not provided|Severe early-childhood-onset retinal dystrophy,
1,94075526,94075526,Uncertain significance,Retinal dystrophy|not provided,
1,94077526,94077526,Pathogenic,Age related macular degeneration 2,
1,94079226,94079226,Pathogenic,Severe early-childhood-onset retinal dystrophy|not provided,
1,94079526,94079526,Uncertain significance,Cone-rod dystrophy 3,
1,94081226,94081226,Uncertain significance,not provided|Inborn genetic diseases,
1,94081526,94081526,Pathogenic,Retinal dystrophy,
1,94081926,94081926,Likely benign,not provided,
1,94123526,94123526,Pathogenic,Severe early-childhood-onset retinal dystrophy,
1,94123626,94123626,Benign,not provided,
1,94123826,94123826,Likely pathogenic,not provided|Severe early-childhood-onset retinal dystrophy|Retinal dystrophy,
1,94125126,94125126,Benign,not provided,
1,94125526,94125526,Likely pathogenic,Retinitis pigmentosa 19,
1,94125826,94125826,Pathogenic,not provided|not specified,
1,94127526,94127526,Pathogenic,not provided|Retinal dystrophy,
1,94127826,94127826,Likely pathogenic,not provided|ABCA4-related disorder,
1,94129526,94129526,Likely pathogenic,Inborn genetic diseases,
1,94131526,94131526,Pathogenic,Stargardt disease,
1,146956969,146956969,Pathogenic,not provided|Inborn genetic diseases,
1,146958969,146958969,Uncertain significance,not provided|Hemochromatosis type 2A,
1,146960969,146960969,Pathogenic,Inborn genetic diseases,
1,146962669,146962669,Pathogenic,"Atrial fibrillation, familial, 11|not provided",
1,146962969,146962969,Uncertain significance,Cataract 1 multiple types,
1,146964669,146964669,Uncertain significance,Radial aplasia-thrombocytopenia syndrome,
1,146964969,146964969,Pathogenic,"Atrial fibrillation, familial, 11",
1,146965369,146965369,Likely benign,not provided,
1,147006969,147006969,Pathogenic,See cases,
1,147007069,147007069,Benign,not provided,
1,147007269,147007269,Likely pathogenic,Hemochromatosis type 2A|not provided,
1,147008569,147008569,Benign,not provided,
1,147008969,147008969,Likely pathogenic,Atrial standstill 1,
1,147009269,147009269,Pathogenic,not provided|not specified,
1,147010969,147010969,Pathogenic,Hajdu-Cheney syndrome,
1,147011269,147011269,Likely pathogenic,not provided|Hajdu-Cheney syndrome,
1,147012969,147012969,Likely pathogenic,Hemochromatosis type 2A,
1,147014969,147014969,Pathogenic,Alagille syndrome due to a NOTCH2 point mutation,
1,152185586,152185586,Pathogenic,"Inborn genetic diseases|Dermatitis, atopic, 2",
1,152187586,152187586,Uncertain significance,Inborn genetic diseases|Ichthyosis vulgaris,
1,152189586,152189586,Pathogenic,not provided|Inborn genetic diseases,
1,152191286,152191286,Pathogenic,Ichthyosis vulgaris|Ichthyosis vulgaris,
1,152191586,152191586,Uncertain significance,"Dermatitis, atopic, 2",
1,152193286,152193286,Uncertain significance,"not provided|Ichthyosis vulgaris|Dermatitis, atopic, 2",
1,152193586,152193586,Pathogenic,Ichthyosis vulgaris,
1,152193986,152193986,Likely benign,not provided,
1,152235586,152235586,Pathogenic,Inborn genetic diseases,
1,152235686,152235686,Benign,not provided,
1,152235886,152235886,Likely pathogenic,not provided|not specified,
1,152237186,152237186,Benign,not provided,
1,152237586,152237586,Likely pathogenic,not provided|Ichthyosis vulgaris,
1,152237886,152237886,Pathogenic,"not provided|Dermatitis, atopic, 2",
1,152239586,152239586,Pathogenic,Inborn genetic diseases|not provided,
1,152239886,152239886,Likely pathogenic,See cases,
1,152241586,152241586,Likely pathogenic,Ichthyosis vulgaris|not provided,
1,152243586,152243586,Pathogenic,Autosomal dominant ichthyosis vulgaris,
2,209655137,209655137,Uncertain significance,Trichorhinophalangeal dysplasia type I,
2,209657137,209657137,Pathogenic,MAP2-associated Neurodevelopmental Disorder,
2,209657537,209657537,Likely benign,not provided,
2,209699137,209699137,Pathogenic,not provided|not specified,
2,209699237,209699237,Benign,not provided,
2,209700737,209700737,Benign,not provided,
2,209701137,209701137,Likely pathogenic,Rett syndrome,
2,209703137,209703137,Pathogenic,See cases,
3,15615686,15615686,Pathogenic,not specified|Biotinidase deficiency,
3,15617686,15617686,Uncertain significance,Biotinidase deficiency|Inborn genetic diseases,
3,15619686,15619686,Pathogenic,Inborn genetic diseases|Biotinidase deficiency,
3,15621386,15621386,Pathogenic,not provided|Inborn genetic diseases|Biotinidase deficiency,
3,15621686,15621686,Uncertain significance,not provided|Biotinidase deficiency,
3,15623386,15623386,Uncertain significance,Biotinidase deficiency|not provided|Inborn genetic diseases|BTD-related disorder,
3,15623686,15623686,Pathogenic,Biotinidase deficiency|not provided,
3,15624086,15624086,Likely benign,not provided,
3,15665686,15665686,Pathogenic,Biotinidase deficiency,
3,15665786,15665786,Benign,not provided,
3,15665986,15665986,Likely pathogenic,Biotinidase deficiency|not provided|not specified,
3,15667286,15667286,Benign,not provided,
3,15667686,15667686,Likely pathogenic,Inborn genetic diseases,
3,15667986,15667986,Pathogenic,Biotinidase deficiency|BTD-related disorder,
3,15669686,15669686,Pathogenic,Biotinidase deficiency|not specified,
3,15669986,15669986,Likely pathogenic,Biotinidase deficiency|not provided|Intellectual disability|Inborn genetic diseases|BTD-related disorder,
3,15671686,15671686,Likely pathogenic,Biotinidase deficiency|not provided|Inborn genetic diseases,
3,15673686,15673686,Pathogenic,Biotinidase deficiency|not provided|BTD-related disorder,
3,69164240,69164240,Pathogenic,Nemaline myopathy 10|not specified|Joubert syndrome 24|not provided,
3,69166240,69166240,Uncertain significance,Nemaline myopathy 10|not provided|not specified,
3,69168240,69168240,Pathogenic,See cases,
3,69170240,69170240,Uncertain significance,Nemaline myopathy 10|not provided,
3,69171940,69171940,Uncertain significance,Inborn genetic diseases|Nemaline myopathy 10|not provided,
3,69172240,69172240,Pathogenic,Nemaline myopathy 10|Inborn genetic diseases,
3,69172640,69172640,Likely benign,not provided,
3,69188876,69188876,Pathogenic,Nemaline myopathy 10|Inborn genetic diseases|not provided,
3,69190876,69190876,Uncertain significance,Nemaline myopathy 10|not specified|Joubert syndrome 24|not provided,
3,69192876,69192876,Pathogenic,Inborn genetic diseases|Nemaline myopathy 10,
3,69194876,69194876,Uncertain significance,Nemaline myopathy 10|not provided,
3,69196876,69196876,Pathogenic,Nemaline myopathy 10|Inborn genetic diseases,
3,69197276,69197276,Likely benign,not provided,
3,69214240,69214240,Pathogenic,Nemaline myopathy 10,
3,69214340,69214340,Benign,not provided,
3,69214540,69214540,Likely pathogenic,Nemaline myopathy 10|Inborn genetic diseases|LMOD3-related disorder,
3,69215840,69215840,Benign,not provided,
3,69216240,69216240,Likely pathogenic,Inborn genetic diseases,
3,69216540,69216540,Pathogenic,not provided|Nemaline myopathy 10|LMOD3-related disorder,
3,69218240,69218240,Pathogenic,not provided|Nemaline myopathy 10,
3,69220240,69220240,Likely pathogenic,Nemaline myopathy 10|Inborn genetic diseases|not provided,
3,69222240,69222240,Pathogenic,Inborn genetic diseases|Nemaline myopathy 10,
3,69238876,69238876,Pathogenic,Nemaline myopathy 10,
3,69238976,69238976,Benign,not provided,
3,69239176,69239176,Likely pathogenic,See cases,
3,69240476,69240476,Benign,not provided,
3,69240876,69240876,Likely pathogenic,Inborn genetic diseases,
3,69242876,69242876,Pathogenic,Nemaline myopathy 10|not provided|not specified,
3,69244876,69244876,Likely pathogenic,not provided|Nemaline myopathy 10,
3,69246876,69246876,Pathogenic,Nemaline myopathy 10|Inborn genetic diseases|LMOD3-related disorder,
3,173087802,173087802,Pathogenic,"Autism, susceptibility to, 20",
3,173088179,173088179,Pathogenic,"Autism, susceptibility to, 20",
3,173089802,173089802,Uncertain significance,Preeclampsia,
3,173090179,173090179,Uncertain significance,Preeclampsia,
3,173091802,173091802,Pathogenic,Spermatogenic Failure,
3,173092179,173092179,Pathogenic,Inborn genetic diseases,
3,173093802,173093802,Uncertain significance,Inborn genetic diseases,
3,173094179,173094179,Uncertain significance,Globozoospermia|not provided,
3,173095502,173095502,Uncertain significance,"Inborn genetic diseases|Autism, susceptibility to, 20",
3,173095802,173095802,Pathogenic,Globozoospermia|not specified,
3,173095879,173095879,Uncertain significance,"Inborn genetic diseases|Autism, susceptibility to, 20",
3,173096179,173096179,Pathogenic,Globozoospermia|not specified,
3,173096202,173096202,Likely benign,not provided,
3,173096579,173096579,Likely benign,not provided,
3,173137802,173137802,Pathogenic,Globozoospermia,
3,173137902,173137902,Benign,not provided,
3,173138102,173138102,Likely pathogenic,NLGN1-related disorder,
3,173138179,173138179,Pathogenic,Globozoospermia,
3,173138279,173138279,Benign,not provided,
3,173138479,173138479,Likely pathogenic,NLGN1-related disorder,
3,173139402,173139402,Benign,not provided,
3,173139779,173139779,Benign,not provided,
3,173139802,173139802,Likely pathogenic,Globozoospermia|SPATA16-related disorder,
3,173140102,173140102,Pathogenic,See cases,
3,173140179,173140179,Likely pathogenic,not provided|Globozoospermia,
3,173140479,173140479,Pathogenic,See cases,
3,173141802,173141802,Pathogenic,not provided|Globozoospermia,
3,173142179,173142179,Pathogenic,Globozoospermia|SPATA16-related disorder,
3,173143802,173143802,Likely pathogenic,Globozoospermia|not provided,
3,173144179,173144179,Likely pathogenic,Spermatogenic Failure,
3,173145802,173145802,Pathogenic,Large for gestational age,
3,173146179,173146179,Pathogenic,Large for gestational age,
4,494207,494207,Pathogenic,"Intellectual disability, autosomal recessive 53|Emm-null phenotype",
4,496207,496207,Uncertain significance,"Intellectual disability, autosomal recessive 53|Inborn genetic diseases|not provided",
4,498207,498207,Pathogenic,"Intellectual disability, autosomal recessive 53|not provided|Inborn genetic diseases",
4,499907,499907,Pathogenic,See cases,
4,500207,500207,Uncertain significance,"Intellectual disability, autosomal recessive 53|not provided",
4,501907,501907,Uncertain significance,"Intellectual disability, autosomal recessive 53|PIGG-related disorder|not provided|Inborn genetic diseases",
4,502207,502207,Pathogenic,"Intellectual disability, autosomal recessive 53|Inborn genetic diseases",
4,502607,502607,Likely benign,not provided,
4,544207,544207,Pathogenic,"Intellectual disability, autosomal recessive 53",
4,544307,544307,Benign,not provided,
4,544507,544507,Likely pathogenic,"Intellectual disability, autosomal recessive 53|Hyperphosphatasia with intellectual disability syndrome 1|not provided",
4,545807,545807,Benign,not provided,
4,546207,546207,Likely pathogenic,Inborn genetic diseases,
4,546507,546507,Pathogenic,"Intellectual disability, autosomal recessive 53|not provided|not specified|Inborn genetic diseases",
4,548207,548207,Pathogenic,"not provided|Intellectual disability, autosomal recessive 53",
4,548507,548507,Likely pathogenic,Emm-null phenotype,
4,550207,550207,Likely pathogenic,"Inborn genetic diseases|Intellectual disability, autosomal recessive 53",
4,552207,552207,Pathogenic,"Intellectual disability, autosomal recessive 53|PIGG-related disorder",
4,9223769,9223769,Likely benign,not provided,
4,9265369,9265369,Pathogenic,See cases,
4,9265469,9265469,Benign,not provided,
4,9266969,9266969,Benign,not provided,
4,56317356,56317356,Likely benign,not provided,
4,56359056,56359056,Benign,not provided,
4,56360556,56360556,Benign,not provided,
4,56363176,56363176,Likely benign,not provided,
4,56404876,56404876,Benign,not provided,
4,56406376,56406376,Benign,not provided,
5,804145,804145,Likely benign,not provided,
5,845745,845745,Pathogenic,See cases,
5,845845,845845,Benign,not provided,
5,847345,847345,Benign,not provided,
5,141847772,141847772,Likely benign,not provided,
5,141848329,141848329,Likely benign,not provided,
5,141889372,141889372,Pathogenic,Esophageal atresia/tracheoesophageal fistula,
5,141889472,141889472,Benign,not provided,
5,141889929,141889929,Pathogenic,Esophageal atresia/tracheoesophageal fistula,
5,141890029,141890029,Benign,not provided,
5,141890972,141890972,Benign,not provided,
5,141891529,141891529,Benign,not provided,
5,154920037,154920037,Likely benign,not provided,
5,154961737,154961737,Benign,not provided,
5,154963237,154963237,Benign,not provided,
5,177358502,177358502,Pathogenic,Hypophosphatemic nephrolithiasis/osteoporosis 1|not provided,
5,177360502,177360502,Uncertain significance,"Hypercalcemia, infantile, 2|not provided",
5,177362502,177362502,Pathogenic,not provided|Inborn genetic diseases,
5,177364202,177364202,Pathogenic,"Hypophosphatemic nephrolithiasis/osteoporosis 1|not specified|not provided|SLC34A1-related disorder|Hypercalcemia, infantile, 2",
5,177364502,177364502,Uncertain significance,not provided|Hypophosphatemic nephrolithiasis/osteoporosis 1,
5,177366202,177366202,Uncertain significance,Autosomal recessive infantile hypercalcemia|Fanconi renotubular syndrome 2,
5,177366502,177366502,Pathogenic,Fanconi renotubular syndrome 2,
5,177366902,177366902,Likely benign,not provided,
5,177408502,177408502,Pathogenic,"Hypercalcemia, infantile, 2",
5,177408602,177408602,Benign,not provided,
5,177408802,177408802,Likely pathogenic,SLC34A1-related disorder,
5,177410102,177410102,Benign,not provided,
5,177410502,177410502,Likely pathogenic,Hypophosphatemic nephrolithiasis/osteoporosis 1,
5,177410802,177410802,Pathogenic,"SLC34A1-related disorder|Hypercalcemia, infantile, 2",
5,177412502,177412502,Pathogenic,Inborn genetic diseases,
5,177412802,177412802,Likely pathogenic,"Inborn genetic diseases|Hypercalcemia, infantile, 2",
5,177414502,177414502,Likely pathogenic,Fanconi renotubular syndrome 2|not provided,
5,177416502,177416502,Pathogenic,"not provided|Hypercalcemia, infantile, 2",
5,179744240,179744240,Likely benign,not provided,
5,179744300,179744300,Likely benign,not provided,
5,179785840,179785840,Pathogenic,Prostate cancer,
5,179785900,179785900,Pathogenic,Prostate cancer,
5,179785940,179785940,Benign,not provided,
5,179786000,179786000,Benign,not provided,
5,179787440,179787440,Benign,not provided,
5,179787500,179787500,Benign,not provided,
6,17607328,17607328,Pathogenic,Pulmonary artery atresia|not specified,
6,17607728,17607728,Likely benign,not provided,
6,17627763,17627763,Pathogenic,Pulmonary artery atresia|not specified,
6,17628163,17628163,Likely benign,not provided,
6,17649328,17649328,Pathogenic,See cases,
6,17649428,17649428,Benign,not provided,
6,17650928,17650928,Benign,not provided,
6,17669763,17669763,Pathogenic,See cases,
6,17669863,17669863,Benign,not provided,
6,17671363,17671363,Benign,not provided,
6,26061451,26061451,Pathogenic,not provided|not specified|Hemochromatosis type 1,
6,26063413,26063413,Pathogenic,Hemochromatosis type 1|6 conditions|Hereditary hemochromatosis,
6,26063451,26063451,Uncertain significance,Hemochromatosis type 1|not specified,
6,26065413,26065413,Uncertain significance,Hemochromatosis type 1|Hereditary hemochromatosis|not provided,
6,26065451,26065451,Pathogenic,Hemochromatosis type 1|not provided,
6,26067151,26067151,Pathogenic,Hereditary hemochromatosis|not specified,
6,26067413,26067413,Pathogenic,Hemochromatosis type 1|not provided,
6,26067451,26067451,Uncertain significance,Hereditary hemochromatosis|Hemochromatosis type 1,
6,26069113,26069113,Pathogenic,Hemochromatosis type 1|Hereditary hemochromatosis|not provided|Incidental Discovery,
6,26069151,26069151,Uncertain significance,HFE POLYMORPHISM|Hemochromatosis type 1|not provided,
6,26069413,26069413,Uncertain significance,Hereditary hemochromatosis|Inborn genetic diseases,
6,26069451,26069451,Pathogenic,Hemochromatosis type 1,
6,26069851,26069851,Likely benign,not provided,
6,26071113,26071113,Uncertain significance,Hemochromatosis type 1|not provided|Hereditary cancer-predisposing syndrome|Bronze diabetes|Hereditary hemochromatosis|Cutaneous photosensitivity,
6,26071413,26071413,Pathogenic,Inborn genetic diseases,
6,26071813,26071813,Likely benign,not provided,
6,26111451,26111451,Pathogenic,Hereditary hemochromatosis,
6,26111551,26111551,Benign,not provided,
6,26111751,26111751,Likely pathogenic,Hemochromatosis type 1|6 conditions|Hereditary hemochromatosis|not specified|6 conditions|not provided|HFE-related disorder,
6,26113051,26113051,Benign,not provided,
6,26113413,26113413,Pathogenic,Hereditary hemochromatosis,
6,26113451,26113451,Likely pathogenic,Inborn genetic diseases,
6,26113513,26113513,Benign,not provided,
6,26113713,26113713,Likely pathogenic,Hereditary hemochromatosis|6 conditions|Hemochromatosis type 1,
6,26113751,26113751,Pathogenic,Hemochromatosis type 1|not provided|Hereditary hemochromatosis|6 conditions|not specified|Bronze diabetes|Cardiomyopathy|Variegate porphyria|Neuroendocrine neoplasm|Cystic fibrosis|See cases,
6,26115013,26115013,Benign,not provided,
6,26115413,26115413,Likely pathogenic,Hemochromatosis type 1,
6,26115451,26115451,Pathogenic,Hemochromatosis type 1|Hereditary hemochromatosis,
6,26115713,26115713,Pathogenic,Porphyrinuria|Cardiomyopathy|HFE-related disorder|Inborn genetic diseases|6 conditions|Juvenile hemochromatosis|7 conditions|Neuroendocrine neoplasm,
6,26115751,26115751,Likely pathogenic,not provided|Inborn genetic diseases,
6,26117413,26117413,Pathogenic,Hereditary hemochromatosis|Hemochromatosis type 1,
6,26117451,26117451,Likely pathogenic,Hereditary hemochromatosis|Inborn genetic diseases,
6,26117713,26117713,Likely pathogenic,not provided|Hereditary hemochromatosis|Hemochromatosis type 1|HFE-related disorder,
6,26119413,26119413,Likely pathogenic,Hemochromatosis type 1|Hereditary hemochromatosis,
6,26119451,26119451,Pathogenic,HFE POLYMORPHISM|Hemochromatosis type 1|not specified,
6,26121413,26121413,Pathogenic,not provided|Hereditary hemochromatosis,
6,32013295,32013295,Pathogenic,Ehlers-Danlos syndrome|Cardiovascular phenotype,
6,32015295,32015295,Uncertain significance,Cardiovascular phenotype|not specified,
6,32017295,32017295,Pathogenic,Classic congenital adrenal hyperplasia due to 21-hydroxylase deficiency,
6,32018995,32018995,Pathogenic,not provided|Ehlers-Danlos syndrome due to tenascin-X deficiency,
6,32019295,32019295,Uncertain significance,Cardiovascular phenotype|not provided,
6,32020995,32020995,Uncertain significance,Vesicoureteral reflux 8|Cardiovascular phenotype,
6,32021295,32021295,Pathogenic,not provided|Cardiovascular phenotype,
6,32021695,32021695,Likely benign,not provided,
6,32024137,32024137,Pathogenic,not provided|Ehlers-Danlos syndrome due to tenascin-X deficiency,
6,32026137,32026137,Uncertain significance,Ehlers-Danlos syndrome,
6,32028137,32028137,Pathogenic,not provided|Cardiovascular phenotype|not specified,
6,32029837,32029837,Pathogenic,Cardiovascular phenotype|Ehlers-Danlos syndrome due to tenascin-X deficiency,
6,32030137,32030137,Uncertain significance,Ehlers-Danlos syndrome due to tenascin-X deficiency,
6,32031837,32031837,Uncertain significance,TNXB-related disorder,
6,32032137,32032137,Pathogenic,not provided|Cardiovascular phenotype,
6,32032537,32032537,Likely benign,not provided,
6,32063295,32063295,Pathogenic,Cardiovascular phenotype,
6,32063395,32063395,Benign,not provided,
6,32063595,32063595,Likely pathogenic,TNXB-related disorder,
6,32064895,32064895,Benign,not provided,
6,32065295,32065295,Likely pathogenic,Ehlers-Danlos syndrome due to tenascin-X deficiency,
6,32065595,32065595,Pathogenic,not provided|not specified,
6,32067295,32067295,Pathogenic,Vesicoureteral reflux 8,
6,32067595,32067595,Likely pathogenic,CYP21A2-related disorder,
6,32069295,32069295,Likely pathogenic,Ehlers-Danlos syndrome,
6,32071295,32071295,Pathogenic,not provided|Cardiovascular phenotype|not specified,
6,32074137,32074137,Pathogenic,Cardiovascular phenotype,
6,32074237,32074237,Benign,not provided,
6,32074437,32074437,Likely pathogenic,Vesicoureteral reflux 8|Cardiovascular phenotype,
6,32075737,32075737,Benign,not provided,
6,32076137,32076137,Likely pathogenic,Cardiovascular phenotype|not provided,
6,32076437,32076437,Pathogenic,not provided|Cardiovascular phenotype|Ehlers-Danlos syndrome due to tenascin-X deficiency,
6,32078137,32078137,Pathogenic,Vesicoureteral reflux 8,
6,32078437,32078437,Likely pathogenic,Ehlers-Danlos syndrome|Cardiovascular phenotype|not provided,
6,32080137,32080137,Likely pathogenic,Cardiovascular phenotype|not specified,
6,32082137,32082137,Pathogenic,Ehlers-Danlos syndrome|Cardiovascular phenotype,
6,32498510,32498510,Uncertain significance,Pulmonary artery atresia,
6,32500510,32500510,Pathogenic,Small for gestational age,
6,32500910,32500910,Likely benign,not provided,
6,32542510,32542510,Pathogenic,"Multiple sclerosis, susceptibility to",
6,32542610,32542610,Benign,not provided,
6,32544110,32544110,Benign,not provided,
6,32544510,32544510,Likely pathogenic,Peritoneal Gliomatosis|not provided,
6,32557257,32557257,Uncertain significance,Small for gestational age,
6,32558219,32558219,Uncertain significance,Small for gestational age,
6,32559257,32559257,Pathogenic,Peritoneal Gliomatosis|not provided,
6,32559657,32559657,Likely benign,not provided,
6,32560219,32560219,Pathogenic,Peritoneal Gliomatosis|not provided,
6,32560619,32560619,Likely benign,not provided,
6,32601257,32601257,Pathogenic,"Multiple sclerosis, susceptibility to",
6,32601357,32601357,Benign,not provided,
6,32602219,32602219,Pathogenic,"Multiple sclerosis, susceptibility to",
6,32602319,32602319,Benign,not provided,
6,32602857,32602857,Benign,not provided,
6,32603257,32603257,Likely pathogenic,Pulmonary artery atresia,
6,32603819,32603819,Benign,not provided,
6,32604219,32604219,Likely pathogenic,Pulmonary artery atresia,
7,75378085,75378085,Likely benign,not provided,
7,75419785,75419785,Benign,not provided,
7,75421285,75421285,Benign,not provided,
7,99826159,99826159,Pathogenic,not provided|Inborn genetic diseases,
7,99828159,99828159,Uncertain significance,Hereditary spastic paraplegia,
7,99830159,99830159,Pathogenic,See cases,
7,99831859,99831859,Pathogenic,not provided|Spastic paraplegia,
7,99832159,99832159,Uncertain significance,Premature ovarian failure 8,
7,99833859,99833859,Uncertain significance,Hereditary spastic paraplegia 50|not provided,
7,99834159,99834159,Pathogenic,Hereditary spastic paraplegia 50,
7,99834559,99834559,Likely benign,not provided,
7,99876159,99876159,Pathogenic,Inborn genetic diseases,
7,99876259,99876259,Benign,not provided,
7,99876459,99876459,Likely pathogenic,"Vitamin D-dependent rickets, type 3",
7,99877759,99877759,Benign,not provided,
7,99878159,99878159,Likely pathogenic,Hereditary spastic paraplegia 50|Inborn genetic diseases,
7,99878459,99878459,Pathogenic,not specified|Hereditary spastic paraplegia 50,
7,99880159,99880159,Pathogenic,Spastic paraplegia,
7,99880459,99880459,Likely pathogenic,Meier-Gorlin syndrome,
7,99882159,99882159,Likely pathogenic,not provided|Hereditary spastic paraplegia 50,
7,99884159,99884159,Pathogenic,Alazami-Yuan syndrome,
7,100069825,100069825,Pathogenic,Hereditary spastic paraplegia 50|not provided,
7,100071780,100071780,Pathogenic,AP4M1-related disorder,
7,100071825,100071825,Uncertain significance,Autism spectrum disorder,
7,100073780,100073780,Uncertain significance,Hereditary spastic paraplegia 50|Intellectual disability|not provided,
7,100073825,100073825,Pathogenic,9 conditions,
7,100075525,100075525,Pathogenic,Abnormality of the nervous system,
7,100075780,100075780,Pathogenic,Hereditary spastic paraplegia,
7,100075825,100075825,Uncertain significance,MCM7-related disorder,
7,100077480,100077480,Pathogenic,not provided|Spastic paraplegia|Hereditary spastic paraplegia 50,
7,100077525,100077525,Uncertain significance,Intellectual disability|Hereditary spastic paraplegia 50|not provided,
7,100077780,100077780,Uncertain significance,Hereditary spastic paraplegia 50|not provided,
7,100077825,100077825,Pathogenic,Inborn genetic diseases,
7,100078225,100078225,Likely benign,not provided,
7,100079480,100079480,Uncertain significance,9 conditions,
7,100079780,100079780,Pathogenic,Inborn genetic diseases,
7,100080180,100080180,Likely benign,not provided,
7,100119825,100119825,Pathogenic,Hereditary spastic paraplegia 50,
7,100119925,100119925,Benign,not provided,
7,100120125,100120125,Likely pathogenic,Hereditary spastic paraplegia,
7,100121425,100121425,Benign,not provided,
7,100121780,100121780,Pathogenic,Hereditary spastic paraplegia 50,
7,100121825,100121825,Likely pathogenic,Meier-Gorlin syndrome,
7,100121880,100121880,Benign,not provided,
7,100122080,100122080,Likely pathogenic,Hereditary spastic paraplegia 50|not provided|not specified,
7,100122125,100122125,Pathogenic,Hereditary spastic paraplegia 50|Intellectual disability|not provided,
7,100123380,100123380,Benign,not provided,
7,100123780,100123780,Likely pathogenic,Hereditary spastic paraplegia 50|Inborn genetic diseases,
7,100123825,100123825,Pathogenic,Hereditary spastic paraplegia 50|Inborn genetic diseases,
7,100124080,100124080,Pathogenic,not specified|Hereditary spastic paraplegia 50,
7,100124125,100124125,Likely pathogenic,AP4M1-related disorder,
7,100125780,100125780,Pathogenic,Spastic paraplegia,
7,100125825,100125825,Likely pathogenic,Spastic paraplegia,
7,100126080,100126080,Likely pathogenic,Meier-Gorlin syndrome,
7,100127780,100127780,Likely pathogenic,Intellectual disability|Hereditary spastic paraplegia 50|not provided,
7,100127825,100127825,Pathogenic,Meier-Gorlin syndrome|9 conditions,
7,100129780,100129780,Pathogenic,Abnormality of the nervous system,
7,142723447,142723447,Pathogenic,Hereditary pancreatitis|not provided|not specified,
7,142723448,142723448,Pathogenic,Hereditary pancreatitis|not provided|not specified,
7,142725447,142725447,Uncertain significance,Hereditary pancreatitis|not provided|PRSS1-related disorder,
7,142725448,142725448,Uncertain significance,Hereditary pancreatitis|not provided|PRSS1-related disorder,
7,142727447,142727447,Pathogenic,Inborn genetic diseases,
7,142727448,142727448,Pathogenic,Inborn genetic diseases,
7,142729147,142729147,Pathogenic,Trypsinogen deficiency,
7,142729148,142729148,Pathogenic,Trypsinogen deficiency,
7,142729447,142729447,Uncertain significance,Hereditary pancreatitis|not provided,
7,142729448,142729448,Uncertain significance,Hereditary pancreatitis|not provided,
7,142731147,142731147,Uncertain significance,Hereditary pancreatitis|Myoepithelial tumor|Vitamin D-dependent rickets type II with alopecia|Trypsinogen deficiency,
7,142731148,142731148,Uncertain significance,Hereditary pancreatitis|Myoepithelial tumor|Vitamin D-dependent rickets type II with alopecia|Trypsinogen deficiency,
7,142731447,142731447,Pathogenic,Hereditary pancreatitis|not specified,
7,142731448,142731448,Pathogenic,Hereditary pancreatitis|not specified,
7,142731847,142731847,Likely benign,not provided,
7,142731848,142731848,Likely benign,not provided,
7,142773447,142773447,Pathogenic,Hereditary pancreatitis,
7,142773448,142773448,Pathogenic,Hereditary pancreatitis,
7,142773547,142773547,Benign,not provided,
7,142773548,142773548,Benign,not provided,
7,142773747,142773747,Likely pathogenic,Hereditary pancreatitis|Recurrent pancreatitis|not provided,
7,142773748,142773748,Likely pathogenic,Hereditary pancreatitis|Recurrent pancreatitis|not provided,
7,142775047,142775047,Benign,not provided,
7,142775048,142775048,Benign,not provided,
7,142775447,142775447,Likely pathogenic,not specified|Hereditary pancreatitis,
7,142775448,142775448,Likely pathogenic,not specified|Hereditary pancreatitis,
7,142775747,142775747,Pathogenic,Hereditary pancreatitis|Hereditary pancreatitis,
7,142775748,142775748,Pathogenic,Hereditary pancreatitis|Hereditary pancreatitis,
7,142777447,142777447,Pathogenic,not provided|Hereditary pancreatitis|not specified,
7,142777448,142777448,Pathogenic,not provided|Hereditary pancreatitis|not specified,
7,142777747,142777747,Likely pathogenic,PRSS1-related disorder|Hereditary pancreatitis,
7,142777748,142777748,Likely pathogenic,PRSS1-related disorder|Hereditary pancreatitis,
7,142779447,142779447,Likely pathogenic,not provided|Hereditary pancreatitis,
7,142779448,142779448,Likely pathogenic,not provided|Hereditary pancreatitis,
7,142781447,142781447,Pathogenic,not specified|Hereditary pancreatitis|not provided,
7,142781448,142781448,Pathogenic,not specified|Hereditary pancreatitis|not provided,
8,12164030,12164030,Pathogenic,not specified|not provided,
8,12164430,12164430,Likely benign,not provided,
8,12206030,12206030,Pathogenic,See cases,
8,12206130,12206130,Benign,not provided,
8,12207630,12207630,Benign,not provided,
8,17597605,17597605,Uncertain significance,Normal pregnancy|Gestational diabetes mellitus uncontrolled,
8,17599605,17599605,Pathogenic,Large for gestational age|Normal pregnancy,
8,17600005,17600005,Likely benign,not provided,
8,17619153,17619153,Uncertain significance,Normal pregnancy|Gestational diabetes mellitus uncontrolled,
8,17621153,17621153,Pathogenic,Large for gestational age|Normal pregnancy,
8,17621553,17621553,Likely benign,not provided,
8,17641605,17641605,Pathogenic,See cases,
8,17641705,17641705,Benign,not provided,
8,17643205,17643205,Benign,not provided,
8,17643605,17643605,Likely pathogenic,Small for gestational age|Preeclampsia|Normal pregnancy,
8,17645605,17645605,Pathogenic,Carcinoma of colon,
8,17663153,17663153,Pathogenic,See cases,
8,17663253,17663253,Benign,not provided,
8,17664753,17664753,Benign,not provided,
8,17665153,17665153,Likely pathogenic,Small for gestational age|Preeclampsia|Normal pregnancy,
8,17667153,17667153,Pathogenic,Carcinoma of colon,
8,78717077,78717077,Pathogenic,"IL7-related disorder|Epidermodysplasia verruciformis, susceptibility to, 5",
8,78717477,78717477,Likely benign,not provided,
8,78759077,78759077,Pathogenic,"Epidermodysplasia verruciformis, susceptibility to, 5",
8,78759177,78759177,Benign,not provided,
8,78760677,78760677,Benign,not provided,
8,78761077,78761077,Likely pathogenic,See cases,
8,123944666,123944666,Pathogenic,TBC1D31-related disorder,
8,123945066,123945066,Likely benign,not provided,
8,123948561,123948561,Pathogenic,TBC1D31-related disorder,
8,123948961,123948961,Likely benign,not provided,
8,123986666,123986666,Pathogenic,"Hirschsprung disease, susceptibility to, 1",
8,123986766,123986766,Benign,not provided,
8,123988266,123988266,Benign,not provided,
8,123988666,123988666,Likely pathogenic,Inherited genitourinary tract anomalies,
8,123990561,123990561,Pathogenic,"Hirschsprung disease, susceptibility to, 1",
8,123990661,123990661,Benign,not provided,
8,123992161,123992161,Benign,not provided,
8,123992561,123992561,Likely pathogenic,Inherited genitourinary tract anomalies,
9,39337457,39337457,Pathogenic,not specified|not provided,
9,39337857,39337857,Likely benign,not provided,
9,39338454,39338454,Pathogenic,not specified|not provided,
9,39338854,39338854,Likely benign,not provided,
9,39379457,39379457,Pathogenic,not provided|not specified,
9,39379557,39379557,Benign,not provided,
9,39380454,39380454,Pathogenic,not provided|not specified,
9,39380554,39380554,Benign,not provided,
9,39381057,39381057,Benign,not provided,
9,39381457,39381457,Likely pathogenic,See cases,
9,39382054,39382054,Benign,not provided,
9,39382454,39382454,Likely pathogenic,See cases,
9,137449591,137449591,Pathogenic,"Ehlers-Danlos syndrome, classic type",
9,137451591,137451591,Uncertain significance,"Peripheral neuropathy, autosomal recessive, with or without impaired intellectual development|not specified",
9,137453591,137453591,Pathogenic,"Ehlers-Danlos syndrome, classic type, 1|not provided",
9,137455291,137455291,Pathogenic,"not provided|Ehlers-Danlos syndrome, classic type, 1|Familial thoracic aortic aneurysm and aortic dissection",
9,137455591,137455591,Uncertain significance,Ehlers-Danlos syndrome type 7A,
9,137457291,137457291,Uncertain significance,"Familial thoracic aortic aneurysm and aortic dissection|Ehlers-Danlos syndrome, classic type, 1",
9,137457591,137457591,Pathogenic,Kleefstra syndrome 1,
9,137457991,137457991,Likely benign,not provided,
9,137499591,137499591,Pathogenic,"Ehlers-Danlos syndrome, classic type, 1",
9,137499691,137499691,Benign,not provided,
9,137499891,137499891,Likely pathogenic,"Ehlers-Danlos syndrome, classic type|Ehlers-Danlos syndrome, classic type, 1",
9,137501191,137501191,Benign,not provided,
9,137501591,137501591,Likely pathogenic,PNPLA7-related condition,
9,137501891,137501891,Pathogenic,"not provided|Ehlers-Danlos syndrome, classic type, 1",
9,137503591,137503591,Pathogenic,Familial thoracic aortic aneurysm and aortic dissection,
9,137503891,137503891,Likely pathogenic,Mulibrey nanism syndrome,
9,137505591,137505591,Likely pathogenic,See cases,
9,137507591,137507591,Pathogenic,Premature ovarian failure,
10,50074571,50074571,Pathogenic,not provided|Retinal dystrophy,
10,50076571,50076571,Uncertain significance,Retinitis pigmentosa|not provided,
10,50078571,50078571,Pathogenic,Cerebrooculofacioskeletal syndrome 1,
10,50080271,50080271,Pathogenic,Retinitis pigmentosa 66,
10,50080571,50080571,Uncertain significance,"Telangiectasia, hereditary hemorrhagic, type 5",
10,50082271,50082271,Uncertain significance,Retinitis pigmentosa,
10,50082571,50082571,Pathogenic,Familial infantile myasthenia,
10,50082971,50082971,Likely benign,not provided,
10,50124571,50124571,Pathogenic,Inborn genetic diseases,
10,50124671,50124671,Benign,not provided,
10,50124871,50124871,Likely pathogenic,See cases,
10,50126171,50126171,Benign,not provided,
10,50126571,50126571,Likely pathogenic,not provided|Inborn genetic diseases,
10,50126871,50126871,Pathogenic,Familial infantile myasthenia|Inborn genetic diseases,
10,50128571,50128571,Pathogenic,Cockayne syndrome type 2,
10,50128871,50128871,Likely pathogenic,Cockayne syndrome type 2|not provided,
10,50130571,50130571,Likely pathogenic,Retinal dystrophy,
10,50132571,50132571,Pathogenic,DE SANCTIS-CACCHIONE SYNDROME,
10,71710175,71710175,Pathogenic,not specified|not provided,
10,71712175,71712175,Uncertain significance,not provided|Usher syndrome type 1|Inborn genetic diseases,
10,71712401,71712401,Pathogenic,Autosomal recessive nonsyndromic hearing loss 12|Usher syndrome type 1D,
10,71714175,71714175,Pathogenic,not provided|Usher syndrome type 1,
10,71714401,71714401,Uncertain significance,not specified|not provided|Usher syndrome type 1,
10,71715875,71715875,Pathogenic,not specified|Autosomal recessive nonsyndromic hearing loss 12,
10,71716175,71716175,Uncertain significance,Inborn genetic diseases,
10,71716401,71716401,Pathogenic,Usher syndrome type 1D,
10,71717875,71717875,Uncertain significance,not specified|not provided|Usher syndrome type 1,
10,71718101,71718101,Pathogenic,Usher syndrome type 1|not provided,
10,71718175,71718175,Pathogenic,Autosomal recessive nonsyndromic hearing loss 12,
10,71718401,71718401,Uncertain significance,"Pituitary adenoma 5, multiple types",
10,71718575,71718575,Likely benign,not provided,
10,71720101,71720101,Uncertain significance,Inborn genetic diseases|not provided,
10,71720401,71720401,Pathogenic,Usher syndrome type 1,
10,71720801,71720801,Likely benign,not provided,
10,71760175,71760175,Pathogenic,"Pituitary adenoma 5, multiple types",
10,71760275,71760275,Benign,not provided,
10,71760475,71760475,Likely pathogenic,Autosomal recessive nonsyndromic hearing loss 12|Usher syndrome type 1D|not provided,
10,71761775,71761775,Benign,not provided,
10,71762175,71762175,Likely pathogenic,Usher syndrome type 1,
10,71762401,71762401,Pathogenic,Inborn genetic diseases,
10,71762475,71762475,Pathogenic,Usher syndrome type 1|not provided,
10,71762501,71762501,Benign,not provided,
10,71762701,71762701,Likely pathogenic,not specified|not provided,
10,71764001,71764001,Benign,not provided,
10,71764175,71764175,Pathogenic,Usher syndrome type 1D,
10,71764401,71764401,Likely pathogenic,Autosomal recessive nonsyndromic hearing loss 12,
10,71764475,71764475,Likely pathogenic,Retinal dystrophy,
10,71764701,71764701,Pathogenic,not specified|Usher syndrome type 1|not provided,
10,71766175,71766175,Likely pathogenic,not provided|Inborn genetic diseases,
10,71766401,71766401,Pathogenic,not provided|Usher syndrome type 1,
10,71766701,71766701,Likely pathogenic,not provided|Usher syndrome type 1|Inborn genetic diseases,
10,71768175,71768175,Pathogenic,"not provided|Pituitary adenoma 5, multiple types",
10,71768401,71768401,Likely pathogenic,not provided|Inborn genetic diseases,
10,71770401,71770401,Pathogenic,"not provided|Pituitary adenoma 5, multiple types",
10,79676570,79676570,Pathogenic,POLR-related leukodystrophy,
10,79678570,79678570,Uncertain significance,"Leukoencephalopathy, ataxia, hypodontia, hypomyelination syndrome|Leukodystrophy",
10,79680570,79680570,Pathogenic,Diamond-Blackfan anemia 3,
10,79682270,79682270,Pathogenic,Inborn genetic diseases|not provided,
10,79682570,79682570,Uncertain significance,not provided|Inborn genetic diseases,
10,79684270,79684270,Uncertain significance,POLR3A-related disorder,
10,79684570,79684570,Pathogenic,"Leukoencephalopathy, ataxia, hypodontia, hypomyelination syndrome|not provided",
10,79684970,79684970,Likely benign,not provided,
10,79726570,79726570,Pathogenic,"Leukoencephalopathy, ataxia, hypodontia, hypomyelination syndrome",
10,79726670,79726670,Benign,not provided,
10,79726870,79726870,Likely pathogenic,Neonatal pseudo-hydrocephalic progeroid syndrome,
10,79728170,79728170,Benign,not provided,
10,79728570,79728570,Likely pathogenic,Inborn genetic diseases,
10,79728870,79728870,Pathogenic,RPS24-related disorder,
10,79730570,79730570,Pathogenic,Diamond-Blackfan anemia,
10,79730870,79730870,Likely pathogenic,Diamond-Blackfan anemia|Diamond-Blackfan anemia 3,
10,79732570,79732570,Likely pathogenic,"not provided|Leukoencephalopathy, ataxia, hypodontia, hypomyelination syndrome",
10,79734570,79734570,Pathogenic,not provided|Leukodystrophy,
11,1215831,1215831,Pathogenic,not provided|Interstitial lung disease 2,
11,1217831,1217831,Uncertain significance,not specified|Interstitial lung disease 2,
11,1219831,1219831,Pathogenic,Susceptibility to severe COVID-19,
11,1220217,1220217,Pathogenic,not specified|Interstitial lung disease 2,
11,1221831,1221831,Uncertain significance,not specified|MUC5B-related disorder,
11,1222217,1222217,Uncertain significance,Interstitial lung disease 2|not provided,
11,1223531,1223531,Uncertain significance,Pulmonary fibrosis|Interstitial lung disease 2,
11,1223831,1223831,Pathogenic,not specified|not provided,
11,1224217,1224217,Pathogenic,MUC5B-related disorder,
11,1224231,1224231,Likely benign,not provided,
11,1226217,1226217,Uncertain significance,Susceptibility to severe COVID-19,
11,1227917,1227917,Uncertain significance,Pulmonary fibrosis|Interstitial lung disease 2,
11,1228217,1228217,Pathogenic,not specified|not provided,
11,1228617,1228617,Likely benign,not provided,
11,1265831,1265831,Pathogenic,not provided|not specified,
11,1265931,1265931,Benign,not provided,
11,1266131,1266131,Likely pathogenic,not specified|not provided|Interstitial lung disease 2,
11,1267431,1267431,Benign,not provided,
11,1267831,1267831,Likely pathogenic,Interstitial lung disease 2,
11,1268131,1268131,Pathogenic,Lung adenocarcinoma,
11,1269831,1269831,Pathogenic,MUC5B-related disorder,
11,1270217,1270217,Pathogenic,not provided|not specified,
11,1270317,1270317,Benign,not provided,
11,1270517,1270517,Likely pathogenic,not specified|not provided|Interstitial lung disease 2,
11,1271817,1271817,Benign,not provided,
11,1271831,1271831,Likely pathogenic,Interstitial lung disease 2|not provided,
11,1272217,1272217,Likely pathogenic,Interstitial lung disease 2,
11,1272517,1272517,Pathogenic,Lung adenocarcinoma,
11,1273831,1273831,Pathogenic,Interstitial lung disease 2|not specified,
11,1274217,1274217,Pathogenic,not specified|MUC5B-related disorder,
11,1276217,1276217,Likely pathogenic,not provided|Interstitial lung disease 2,
11,1278217,1278217,Pathogenic,Interstitial lung disease 2|not specified,
11,68876662,68876662,Pathogenic,Charcot-Marie-Tooth disease|Autosomal recessive distal spinal muscular atrophy 1,
11,68878662,68878662,Uncertain significance,not provided|Charcot-Marie-Tooth disease axonal type 2S,
11,68880662,68880662,Pathogenic,Autosomal recessive distal spinal muscular atrophy 1|Charcot-Marie-Tooth disease axonal type 2S,
11,68882362,68882362,Pathogenic,Charcot-Marie-Tooth disease,
11,68882662,68882662,Uncertain significance,not provided|Autosomal recessive distal spinal muscular atrophy 1,
11,68884362,68884362,Uncertain significance,Distal spinal muscular atrophy,
11,68884662,68884662,Pathogenic,Charcot-Marie-Tooth disease axonal type 2S,
11,68885062,68885062,Likely benign,not provided,
11,68888391,68888391,Pathogenic,Charcot-Marie-Tooth disease axonal type 2S|not provided,
11,68890391,68890391,Uncertain significance,Autosomal recessive distal spinal muscular atrophy 1|not provided,
11,68892391,68892391,Pathogenic,Autosomal recessive distal spinal muscular atrophy 1|Charcot-Marie-Tooth disease axonal type 2S,
11,68894091,68894091,Pathogenic,Autosomal recessive distal spinal muscular atrophy 1|not provided|Inborn genetic diseases,
11,68894391,68894391,Uncertain significance,Autosomal recessive distal spinal muscular atrophy 1|Inborn genetic diseases,
11,68896091,68896091,Uncertain significance,Distal spinal muscular atrophy,
11,68896391,68896391,Pathogenic,Charcot-Marie-Tooth disease axonal type 2S,
11,68896791,68896791,Likely benign,not provided,
11,68926662,68926662,Pathogenic,Autosomal recessive distal spinal muscular atrophy 1,
11,68926762,68926762,Benign,not provided,
11,68926962,68926962,Likely pathogenic,Distal spinal muscular atrophy|Autosomal recessive distal spinal muscular atrophy 1,
11,68928262,68928262,Benign,not provided,
11,68928662,68928662,Likely pathogenic,Inborn genetic diseases,
11,68928962,68928962,Pathogenic,Charcot-Marie-Tooth disease axonal type 2S|not provided|Inborn genetic diseases,
11,68930662,68930662,Pathogenic,Autosomal recessive distal spinal muscular atrophy 1|Inborn genetic diseases,
11,68930962,68930962,Likely pathogenic,Charcot-Marie-Tooth disease axonal type 2S|Autosomal recessive distal spinal muscular atrophy 1,
11,68932662,68932662,Likely pathogenic,Charcot-Marie-Tooth disease axonal type 2S|Inborn genetic diseases,
11,68934662,68934662,Pathogenic,"Neuronopathy, distal hereditary motor, autosomal dominant",
11,68938391,68938391,Pathogenic,Autosomal recessive distal spinal muscular atrophy 1,
11,68938491,68938491,Benign,not provided,
11,68938691,68938691,Likely pathogenic,not provided|Autosomal recessive distal spinal muscular atrophy 1,
11,68939991,68939991,Benign,not provided,
11,68940391,68940391,Likely pathogenic,Inborn genetic diseases,
11,68940691,68940691,Pathogenic,Charcot-Marie-Tooth disease axonal type 2S|Autosomal recessive distal spinal muscular atrophy 1,
11,68942391,68942391,Pathogenic,not provided|Charcot-Marie-Tooth disease axonal type 2S,
11,68942691,68942691,Likely pathogenic,Charcot-Marie-Tooth disease axonal type 2S|not provided|Inborn genetic diseases,
11,68944391,68944391,Likely pathogenic,Charcot-Marie-Tooth disease axonal type 2S|Inborn genetic diseases,
11,68946391,68946391,Pathogenic,Charcot-Marie-Tooth disease,
11,77215922,77215922,Pathogenic,not specified|not provided,
11,77217922,77217922,Uncertain significance,not provided|Usher syndrome type 1B|Inborn genetic diseases,
11,77219922,77219922,Pathogenic,Usher syndrome type 1|not provided,
11,77221622,77221622,Pathogenic,Rare genetic deafness,
11,77221922,77221922,Uncertain significance,not provided|Usher syndrome type 1B,
11,77223622,77223622,Uncertain significance,Usher syndrome type 1|Usher syndrome type 1B,
11,77223922,77223922,Pathogenic,Usher syndrome type 1,
11,77224322,77224322,Likely benign,not provided,
11,77241630,77241630,Pathogenic,not provided|Inborn genetic diseases,
11,77243630,77243630,Uncertain significance,not provided|Usher syndrome type 1B|Inborn genetic diseases,
11,77245630,77245630,Pathogenic,Usher syndrome type 1|not provided,
11,77247330,77247330,Pathogenic,Rare genetic deafness,
11,77247630,77247630,Uncertain significance,not provided|Usher syndrome type 1B,
11,77249330,77249330,Uncertain significance,Usher syndrome type 1|Usher syndrome type 1B,
11,77249630,77249630,Pathogenic,Usher syndrome type 1,
11,77250030,77250030,Likely benign,not provided,
11,77265922,77265922,Pathogenic,Autosomal recessive nonsyndromic hearing loss 2,
11,77266022,77266022,Benign,not provided,
11,77266222,77266222,Likely pathogenic,Autosomal recessive nonsyndromic hearing loss 2|not provided,
11,77267522,77267522,Benign,not provided,
11,77267922,77267922,Likely pathogenic,Usher syndrome type 1B,
11,77268222,77268222,Pathogenic,not provided|Usher syndrome type 1,
11,77269922,77269922,Pathogenic,Autosomal dominant nonsyndromic hearing loss 11,
11,77270222,77270222,Likely pathogenic,not specified|Usher syndrome type 1B,
11,77271922,77271922,Likely pathogenic,Inborn genetic diseases,
11,77273922,77273922,Pathogenic,not provided|Inborn genetic diseases,
11,77291630,77291630,Pathogenic,Autosomal recessive nonsyndromic hearing loss 2,
11,77291730,77291730,Benign,not provided,
11,77291930,77291930,Likely pathogenic,Autosomal recessive nonsyndromic hearing loss 2|not provided,
11,77293230,77293230,Benign,not provided,
11,77293630,77293630,Likely pathogenic,Usher syndrome type 1B,
11,77293930,77293930,Pathogenic,not provided|Usher syndrome type 1,
11,77295630,77295630,Pathogenic,Autosomal dominant nonsyndromic hearing loss 11,
11,77295930,77295930,Likely pathogenic,not specified|Usher syndrome type 1B,
11,77297630,77297630,Likely pathogenic,Inborn genetic diseases,
11,77299630,77299630,Pathogenic,not specified|not provided,
11,88479132,88479132,Pathogenic,Oculocutaneous albinism type 1B|Oculocutaneous albinism type 1A,
11,88481132,88481132,Uncertain significance,"not provided|SKIN/HAIR/EYE PIGMENTATION 3, LIGHT/DARK SKIN",
11,88483132,88483132,Pathogenic,not provided|not specified,
11,88484832,88484832,Pathogenic,not provided|Inborn genetic diseases,
11,88485132,88485132,Uncertain significance,Inborn genetic diseases,
11,88486832,88486832,Uncertain significance,Oculocutaneous albinism|not provided,
11,88487132,88487132,Pathogenic,Oculocutaneous albinism type 1A,
11,88487532,88487532,Likely benign,not provided,
11,88529132,88529132,Pathogenic,Oculocutaneous albinism type 1B,
11,88529232,88529232,Benign,not provided,
11,88529432,88529432,Likely pathogenic,"Oculocutaneous albinism type 1A|not provided|SKIN/HAIR/EYE PIGMENTATION 3, LIGHT/DARK SKIN",
11,88530732,88530732,Benign,not provided,
11,88531132,88531132,Likely pathogenic,"SKIN/HAIR/EYE PIGMENTATION 3, LIGHT/DARK SKIN",
11,88531432,88531432,Pathogenic,not provided|Oculocutaneous albinism,
11,88533132,88533132,Pathogenic,not provided|Oculocutaneous albinism type 1A,
11,88533432,88533432,Likely pathogenic,See cases,
11,88535132,88535132,Likely pathogenic,Oculocutaneous albinism,
11,88537132,88537132,Pathogenic,Oculocutaneous albinism type 1A|not provided,
12,11070100,11070100,Pathogenic,not specified|not provided,
12,11070500,11070500,Likely benign,not provided,
12,11112100,11112100,Pathogenic,See cases,
12,11112200,11112200,Benign,not provided,
12,11113700,11113700,Benign,not provided,
12,11114100,11114100,Likely pathogenic,Prostate cancer,
12,48111368,48111368,Pathogenic,"Glycogen storage disease, type VII|not specified",
12,48111369,48111369,Pathogenic,"Glycogen storage disease, type VII|not specified",
12,48113368,48113368,Uncertain significance,not provided|Inborn genetic diseases,
12,48113369,48113369,Uncertain significance,not provided|Inborn genetic diseases,
12,48115368,48115368,Pathogenic,"not provided|Glycogen storage disease, type VII|Inborn genetic diseases",
12,48115369,48115369,Pathogenic,"not provided|Glycogen storage disease, type VII|Inborn genetic diseases",
12,48117068,48117068,Pathogenic,"Glycogen storage disease, type VII|Rhabdomyolysis|not provided",
12,48117069,48117069,Pathogenic,"Glycogen storage disease, type VII|Rhabdomyolysis|not provided",
12,48117368,48117368,Uncertain significance,"Glycogen storage disease, type VII|not provided",
12,48117369,48117369,Uncertain significance,"Glycogen storage disease, type VII|not provided",
12,48119068,48119068,Uncertain significance,"Glycogen storage disease, type VII|Inborn genetic diseases|PFKM-related disorder|not provided",
12,48119069,48119069,Uncertain significance,"Glycogen storage disease, type VII|Inborn genetic diseases|PFKM-related disorder|not provided",
12,48119368,48119368,Pathogenic,Inborn genetic diseases,
12,48119369,48119369,Pathogenic,Inborn genetic diseases,
12,48119768,48119768,Likely benign,not provided,
12,48119769,48119769,Likely benign,not provided,
12,48161368,48161368,Pathogenic,"Glycogen storage disease, type VII",
12,48161369,48161369,Pathogenic,"Glycogen storage disease, type VII",
12,48161468,48161468,Benign,not provided,
12,48161469,48161469,Benign,not provided,
12,48161668,48161668,Likely pathogenic,"Inborn genetic diseases|Glycogen storage disease, type VII|not provided",
12,48161669,48161669,Likely pathogenic,"Inborn genetic diseases|Glycogen storage disease, type VII|not provided",
12,48162968,48162968,Benign,not provided,
12,48162969,48162969,Benign,not provided,
12,48163368,48163368,Likely pathogenic,"Glycogen storage disease, type VII|Inborn genetic diseases",
12,48163369,48163369,Likely pathogenic,"Glycogen storage disease, type VII|Inborn genetic diseases",
12,48163668,48163668,Pathogenic,Peroxisomal biogenesis disorder 3b,
12,48163669,48163669,Pathogenic,Peroxisomal biogenesis disorder 3b,
12,48165368,48165368,Pathogenic,"Glycogen storage disease, type VII|not provided|Inborn genetic diseases",
12,48165369,48165369,Pathogenic,"Glycogen storage disease, type VII|not provided|Inborn genetic diseases",
12,48165668,48165668,Likely pathogenic,"Glycogen storage disease, type VII|PFKM-related disorder",
12,48165669,48165669,Likely pathogenic,"Glycogen storage disease, type VII|PFKM-related disorder",
12,48167368,48167368,Likely pathogenic,"not provided|Glycogen storage disease, type VII",
12,48167369,48167369,Likely pathogenic,"not provided|Glycogen storage disease, type VII",
12,48169368,48169368,Pathogenic,"not specified|Glycogen storage disease, type VII",
12,48169369,48169369,Pathogenic,"not specified|Glycogen storage disease, type VII",
12,56688760,56688760,Pathogenic,not provided|Primary immunodeficiency with post-measles-mumps-rubella vaccine viral infection|Inborn genetic diseases,
12,56690760,56690760,Uncertain significance,Primary immunodeficiency with post-measles-mumps-rubella vaccine viral infection|not provided,
12,56692760,56692760,Pathogenic,Inborn genetic diseases,
12,56694460,56694460,Pathogenic,not provided|Primary immunodeficiency with post-measles-mumps-rubella vaccine viral infection,
12,56694760,56694760,Uncertain significance,not specified|not provided,
12,56696460,56696460,Uncertain significance,Pseudo-TORCH syndrome 3,
12,56696760,56696760,Pathogenic,PAN2-related multiple congenital anomalies syndrome,
12,56697160,56697160,Likely benign,not provided,
12,56738760,56738760,Pathogenic,Primary immunodeficiency with post-measles-mumps-rubella vaccine viral infection,
12,56738860,56738860,Benign,not provided,
12,56739060,56739060,Likely pathogenic,Primary immunodeficiency with post-measles-mumps-rubella vaccine viral infection|Primary immunodeficiency with post-measles-mumps-rubella vaccine viral infection,
12,56740360,56740360,Benign,not provided,
12,56740760,56740760,Likely pathogenic,PAN2-related disorder,
12,56741060,56741060,Pathogenic,Primary immunodeficiency with post-measles-mumps-rubella vaccine viral infection|not specified|not provided,
12,56742760,56742760,Pathogenic,See cases,
12,56743060,56743060,Likely pathogenic,Primordial dwarfism-immunodeficiency-lipodystrophy syndrome|Microcephalic primordial dwarfism,
12,56744760,56744760,Likely pathogenic,Primary immunodeficiency with post-measles-mumps-rubella vaccine viral infection|Inborn genetic diseases,
12,56746760,56746760,Pathogenic,Inborn genetic diseases|Primary immunodeficiency with post-measles-mumps-rubella vaccine viral infection,
12,56923410,56923410,Pathogenic,"Nonsyndromic Hearing Loss, Dominant",
12,56925410,56925410,Uncertain significance,See cases,
12,56927410,56927410,Pathogenic,Autosomal dominant nonsyndromic hearing loss 48,
12,56929110,56929110,Pathogenic,Inborn genetic diseases|not provided,
12,56929410,56929410,Uncertain significance,not provided|not specified,
12,56931110,56931110,Uncertain significance,"Congenital ichthyosis of skin|Lamellar ichthyosis|Ichthyosis, congenital, autosomal recessive 13",
12,56931410,56931410,Pathogenic,not specified|not provided,
12,56931810,56931810,Likely benign,not provided,
12,56973410,56973410,Pathogenic,Inborn genetic diseases,
12,56973510,56973510,Benign,not provided,
12,56973710,56973710,Likely pathogenic,"Ichthyosis, congenital, autosomal recessive 13",
12,56975010,56975010,Benign,not provided,
12,56975410,56975410,Likely pathogenic,not provided|Inborn genetic diseases,
12,56975710,56975710,Pathogenic,Lamellar ichthyosis,
12,56977410,56977410,Pathogenic,not specified|not provided|MYO1A-related disorder,
12,56977710,56977710,Likely pathogenic,"Ichthyosis, congenital, autosomal recessive 13|Congenital ichthyosis of skin|not provided",
12,56979410,56979410,Likely pathogenic,"Ichthyosis, congenital, autosomal recessive 13|not provided|Lamellar ichthyosis",
12,56981410,56981410,Pathogenic,Hypogonadotropic hypogonadism 10 with or without anosmia,
12,121874253,121874253,Pathogenic,Non-syndromic male infertility due to sperm motility disorder,
12,121876253,121876253,Uncertain significance,not provided|KDM2B-related syndrome,
12,121878253,121878253,Pathogenic,KDM2B-related disorder,
12,121878653,121878653,Likely benign,not provided,
12,121920253,121920253,Pathogenic,Inborn genetic diseases,
12,121920353,121920353,Benign,not provided,
12,121921853,121921853,Benign,not provided,
12,121922253,121922253,Likely pathogenic,KDM2B Gene Mutation,
12,121924253,121924253,Pathogenic,See cases,
12,121926253,121926253,Likely pathogenic,Male infertility with teratozoospermia due to single gene mutation|Spermatogenic failure 33,
12,122686287,122686287,Pathogenic,not specified|Nonsyndromic genetic hearing loss,
12,122688287,122688287,Uncertain significance,not specified|not provided|DIABLO-related disorder,
12,122690287,122690287,Pathogenic,Mucopolysaccharidosis-plus syndrome,
12,122692287,122692287,Uncertain significance,DIABLO-related disorder,
12,122693987,122693987,Uncertain significance,Autosomal dominant nonsyndromic hearing loss,
12,122694287,122694287,Pathogenic,Autosomal dominant nonsyndromic hearing loss 64,
12,122694687,122694687,Likely benign,not provided,
12,122736287,122736287,Pathogenic,not provided|not specified,
12,122736387,122736387,Benign,not provided,
12,122736587,122736587,Likely pathogenic,DIABLO-related disorder|not provided,
12,122737887,122737887,Benign,not provided,
12,122738287,122738287,Likely pathogenic,not specified|not provided,
12,122738587,122738587,Pathogenic,See cases,
12,122740287,122740287,Pathogenic,Autosomal dominant nonsyndromic hearing loss 64|not provided,
12,122742287,122742287,Likely pathogenic,DIABLO-Related Hearing Loss,
12,122744287,122744287,Pathogenic,not provided|Hearing impairment,
13,20159981,20159981,Pathogenic,Nonsyndromic genetic hearing loss|not provided,
13,20161981,20161981,Uncertain significance,Autosomal recessive nonsyndromic hearing loss 1A|not specified|not provided,
13,20163981,20163981,Pathogenic,Autosomal dominant keratitis-ichthyosis-hearing loss syndrome,
13,20165681,20165681,Pathogenic,7 conditions,
13,20165981,20165981,Uncertain significance,not provided|Autosomal recessive nonsyndromic hearing loss 1A,
13,20167681,20167681,Uncertain significance,not provided|7 conditions,
13,20167981,20167981,Pathogenic,Palmoplantar keratoderma-deafness syndrome,
13,20168381,20168381,Likely benign,not provided,
13,20209981,20209981,Pathogenic,Autosomal recessive nonsyndromic hearing loss 1A,
13,20210081,20210081,Benign,not provided,
13,20210281,20210281,Likely pathogenic,Rare genetic deafness|not provided,
13,20211581,20211581,Benign,not provided,
13,20211981,20211981,Likely pathogenic,Autosomal recessive nonsyndromic hearing loss 1A|not provided,
13,20212281,20212281,Pathogenic,not specified|not provided,
13,20213981,20213981,Pathogenic,Autosomal dominant nonsyndromic hearing loss 3A,
13,20214281,20214281,Likely pathogenic,Nonsyndromic genetic hearing loss,
13,20215981,20215981,Likely pathogenic,"Knuckle pads, deafness AND leukonychia syndrome",
13,20217981,20217981,Pathogenic,Autosomal recessive nonsyndromic hearing loss 1A|not specified,
13,51920632,51920632,Pathogenic,Wilson disease|not provided|not specified,
13,51922632,51922632,Uncertain significance,Wilson disease|not provided|Inborn genetic diseases,
13,51924632,51924632,Pathogenic,Wilson disease|Inborn genetic diseases,
13,51926332,51926332,Pathogenic,Inborn genetic diseases|Wilson disease,
13,51926632,51926632,Uncertain significance,Wilson disease|not specified,
13,51928332,51928332,Uncertain significance,Wilson disease|ATP7B-related disorder,
13,51928632,51928632,Pathogenic,Wilson disease|not provided,
13,51929032,51929032,Likely benign,not provided,
13,51970632,51970632,Pathogenic,Wilson disease,
13,51970732,51970732,Benign,not provided,
13,51970932,51970932,Likely pathogenic,not specified|Wilson disease|not provided,
13,51972232,51972232,Benign,not provided,
13,51972632,51972632,Likely pathogenic,not provided|Wilson disease,
13,51972932,51972932,Pathogenic,Wilson disease|not provided|Inborn genetic diseases|ATP7B-related disorder,
13,51974632,51974632,Pathogenic,Inborn genetic diseases,
13,51974932,51974932,Likely pathogenic,not provided|not specified|Wilson disease,
13,51976632,51976632,Likely pathogenic,not specified|Wilson disease,
13,51978632,51978632,Pathogenic,Wilson disease|not provided|ATP7B-related disorder,
13,109759909,109759909,Uncertain significance,Prostate cancer,
13,109759919,109759919,Uncertain significance,Prostate cancer,
13,109761909,109761909,Pathogenic,not provided|not specified,
13,109761919,109761919,Pathogenic,not provided|not specified,
13,109762309,109762309,Likely benign,not provided,
13,109762319,109762319,Likely benign,not provided,
13,109803909,109803909,Pathogenic,Type 2 diabetes mellitus,
13,109803919,109803919,Pathogenic,Type 2 diabetes mellitus,
13,109804009,109804009,Benign,not provided,
13,109804019,109804019,Benign,not provided,
13,109805509,109805509,Benign,not provided,
13,109805519,109805519,Benign,not provided,
13,109805909,109805909,Likely pathogenic,IRS2-related disorder,
13,109805919,109805919,Likely pathogenic,IRS2-related disorder,
13,109807909,109807909,Pathogenic,See cases,
13,109807919,109807919,Pathogenic,See cases,
14,24044013,24044013,Likely benign,not provided,
14,24085713,24085713,Benign,not provided,
14,24087213,24087213,Benign,not provided,
14,74640570,74640570,Pathogenic,"Isolated microphthalmia 2|Microphthalmia, isolated, with coloboma 3|Microphthalmia|VSX2-related disorder",
14,74642570,74642570,Uncertain significance,Isolated microphthalmia 2|Isolated microphthalmia 2,
14,74644570,74644570,Pathogenic,"Microphthalmia, isolated, with coloboma 3|Isolated microphthalmia 2",
14,74646270,74646270,Pathogenic,"Isolated microphthalmia 2|Microphthalmia|Microphthalmia, isolated, with coloboma 3",
14,74646570,74646570,Uncertain significance,"Microphthalmia, isolated, with coloboma 3",
14,74648270,74648270,Uncertain significance,Anophthalmia-microphthalmia syndrome|Isolated microphthalmia 2,
14,74648570,74648570,Pathogenic,Inborn genetic diseases,
14,74648970,74648970,Likely benign,not provided,
14,74655049,74655049,Pathogenic,"Isolated microphthalmia 2|Microphthalmia, isolated, with coloboma 3|Microphthalmia|VSX2-related disorder",
14,74657049,74657049,Uncertain significance,Isolated microphthalmia 2|Isolated microphthalmia 2,
14,74659049,74659049,Pathogenic,"Microphthalmia, isolated, with coloboma 3|Isolated microphthalmia 2",
14,74660749,74660749,Pathogenic,"Isolated microphthalmia 2|Microphthalmia|Microphthalmia, isolated, with coloboma 3",
14,74661049,74661049,Uncertain significance,"Microphthalmia, isolated, with coloboma 3",
14,74662749,74662749,Uncertain significance,Anophthalmia-microphthalmia syndrome|Isolated microphthalmia 2,
14,74663049,74663049,Pathogenic,Inborn genetic diseases,
14,74663449,74663449,Likely benign,not provided,
14,74690570,74690570,Pathogenic,Isolated microphthalmia 2,
14,74690670,74690670,Benign,not provided,
14,74690870,74690870,Likely pathogenic,Isolated microphthalmia 6|VSX2-related Microphthalmia|not provided,
14,74692170,74692170,Benign,not provided,
14,74692570,74692570,Likely pathogenic,Microphthalmia,
14,74692870,74692870,Pathogenic,"Isolated microphthalmia 2|Microphthalmia|not provided|Microphthalmia, isolated, with coloboma 3|VSX2-related disorder",
14,74694570,74694570,Pathogenic,"Isolated microphthalmia 2|Microphthalmia, isolated, with coloboma 3",
14,74694870,74694870,Likely pathogenic,"Microphthalmia, isolated, with coloboma 3|not provided|Isolated microphthalmia 2",
14,74696570,74696570,Likely pathogenic,Isolated microphthalmia 2|Microphthalmia,
14,74698570,74698570,Pathogenic,Isolated microphthalmia 2|Inborn genetic diseases,
14,74705049,74705049,Pathogenic,Isolated microphthalmia 2,
14,74705149,74705149,Benign,not provided,
14,74705349,74705349,Likely pathogenic,Isolated microphthalmia 6|VSX2-related Microphthalmia|not provided,
14,74706649,74706649,Benign,not provided,
14,74707049,74707049,Likely pathogenic,Microphthalmia,
14,74707349,74707349,Pathogenic,"Isolated microphthalmia 2|Microphthalmia|not provided|Microphthalmia, isolated, with coloboma 3|VSX2-related disorder",
14,74709049,74709049,Pathogenic,"Isolated microphthalmia 2|Microphthalmia, isolated, with coloboma 3",
14,74709349,74709349,Likely pathogenic,"Microphthalmia, isolated, with coloboma 3|not provided|Isolated microphthalmia 2",
14,74711049,74711049,Likely pathogenic,Isolated microphthalmia 2|Microphthalmia,
14,74713049,74713049,Pathogenic,Isolated microphthalmia 2|Inborn genetic diseases,
14,93179820,93179820,Uncertain significance,Global developmental delay,
14,93181820,93181820,Pathogenic,"Dysostosis multiplex, Ain-Naz type",
14,93183820,93183820,Uncertain significance,Galloway-Mowat syndrome 9,
14,93185820,93185820,Pathogenic,"Intellectual disability, mild",
14,93186220,93186220,Likely benign,not provided,
14,93227820,93227820,Pathogenic,Li-Campeau syndrome,
14,93227920,93227920,Benign,not provided,
14,93229420,93229420,Benign,not provided,
14,93229820,93229820,Likely pathogenic,Galloway-Mowat syndrome,
14,93231820,93231820,Pathogenic,Galloway-Mowat syndrome 9|Galloway-Mowat syndrome,
14,93233820,93233820,Likely pathogenic,Intellectual disability,
14,104923457,104923457,Pathogenic,Enhancement of the C-reflex|not specified,
14,104924704,104924704,Pathogenic,Dysmetria|not provided,
14,104925457,104925457,Uncertain significance,Hereditary episodic ataxia,
14,104926704,104926704,Uncertain significance,Hereditary episodic ataxia,
14,104927457,104927457,Pathogenic,not specified|not provided,
14,104927857,104927857,Likely benign,not provided,
14,104928704,104928704,Pathogenic,not specified|not provided,
14,104929104,104929104,Likely benign,not provided,
14,104969457,104969457,Pathogenic,not provided|not specified,
14,104969557,104969557,Benign,not provided,
14,104970704,104970704,Pathogenic,not provided|not specified,
14,104970804,104970804,Benign,not provided,
14,104971057,104971057,Benign,not provided,
14,104971457,104971457,Likely pathogenic,Migraine,
14,104972304,104972304,Benign,not provided,
14,104972704,104972704,Likely pathogenic,Migraine,
14,104973457,104973457,Pathogenic,See cases,
14,104974704,104974704,Pathogenic,See cases,
14,104975457,104975457,Likely pathogenic,Dysmetria|not provided,
14,104976704,104976704,Likely pathogenic,Enhancement of the C-reflex|not specified,
15,21406340,21406340,Pathogenic,Prader-Willi syndrome,
15,21408340,21408340,Uncertain significance,15q11q13 microduplication syndrome,
15,21410340,21410340,Pathogenic,Angelman syndrome,
15,21410740,21410740,Likely benign,not provided,
15,21452340,21452340,Pathogenic,See cases,
15,21452440,21452440,Benign,not provided,
15,21453940,21453940,Benign,not provided,
15,21454340,21454340,Likely pathogenic,Autism spectrum disorder,
15,21456340,21456340,Pathogenic,not provided|not specified,
15,21458340,21458340,Likely pathogenic,Chromosome 15q11.2 deletion syndrome,
15,23341706,23341706,Pathogenic,Angelman syndrome,
15,23341713,23341713,Pathogenic,Angelman syndrome,
15,23342106,23342106,Likely benign,not provided,
15,23342113,23342113,Likely benign,not provided,
15,23383706,23383706,Pathogenic,See cases,
15,23383713,23383713,Pathogenic,See cases,
15,23383806,23383806,Benign,not provided,
15,23383813,23383813,Benign,not provided,
15,23385306,23385306,Benign,not provided,
15,23385313,23385313,Benign,not provided,
15,28144941,28144941,Pathogenic,"not provided|SKIN/HAIR/EYE PIGMENTATION 1, BLUE/NONBLUE EYES",
15,28146941,28146941,Uncertain significance,not provided|not specified,
15,28148941,28148941,Pathogenic,Inborn genetic diseases|not provided,
15,28150641,28150641,Pathogenic,Inborn genetic diseases|Developmental delay with autism spectrum disorder and gait instability,
15,28150941,28150941,Uncertain significance,not provided|Inborn genetic diseases,
15,28152641,28152641,Uncertain significance,OCA2-related disorder,
15,28152941,28152941,Pathogenic,Tyrosinase-positive oculocutaneous albinism,
15,28153341,28153341,Likely benign,not provided,
15,28194941,28194941,Pathogenic,Inborn genetic diseases,
15,28195041,28195041,Benign,not provided,
15,28195241,28195241,Likely pathogenic,not provided|Developmental delay with autism spectrum disorder and gait instability|Inborn genetic diseases,
15,28196541,28196541,Benign,not provided,
15,28196941,28196941,Likely pathogenic,Developmental delay with autism spectrum disorder and gait instability,
15,28197241,28197241,Pathogenic,Developmental delay with autism spectrum disorder and gait instability|Inborn genetic diseases,
15,28198941,28198941,Pathogenic,"SKIN/HAIR/EYE PIGMENTATION 1, BLUE/NONBLUE EYES",
15,28199241,28199241,Likely pathogenic,not provided|Tyrosinase-positive oculocutaneous albinism|Tyrosinase-positive oculocutaneous albinism,
15,28200941,28200941,Likely pathogenic,Tyrosinase-positive oculocutaneous albinism|not provided,
15,28202941,28202941,Pathogenic,not provided|Tyrosinase-positive oculocutaneous albinism,
15,32138784,32138784,Pathogenic,Gestational diabetes mellitus uncontrolled,
15,32140784,32140784,Uncertain significance,Autism spectrum disorder,
15,32142784,32142784,Pathogenic,OTUD7A-related disorder,
15,32144484,32144484,Pathogenic,Neurodevelopmental disorder with hypotonia and seizures,
15,32144784,32144784,Uncertain significance,Intellectual disability,
15,32146484,32146484,Uncertain significance,Congenital heart disease,
15,32146784,32146784,Pathogenic,Chromosome 15q13.3 microdeletion syndrome,
15,32147184,32147184,Likely benign,not provided,
15,32188784,32188784,Pathogenic,See cases,
15,32188884,32188884,Benign,not provided,
15,32189084,32189084,Likely pathogenic,15q11q13 microduplication syndrome,
15,32190384,32190384,Benign,not provided,
15,32190784,32190784,Likely pathogenic,not provided|not specified,
15,32191084,32191084,Pathogenic,Non-syndromic intellectual disability,
15,32192784,32192784,Pathogenic,"Epilepsy, idiopathic generalized, susceptibility to, 7",
15,32193084,32193084,Likely pathogenic,Neurodevelopmental disorder,
15,32194784,32194784,Likely pathogenic,Epilepsy,
15,32196784,32196784,Pathogenic,OTUD7A-related disorder|not specified,
15,42330596,42330596,Pathogenic,"Autosomal recessive limb-girdle muscular dystrophy type 2A|not provided|Muscular dystrophy, limb-girdle, autosomal dominant 4",
15,42332596,42332596,Uncertain significance,Autosomal recessive limb-girdle muscular dystrophy type 2A|Autosomal recessive limb-girdle muscular dystrophy type 2A,
15,42334596,42334596,Pathogenic,"not provided|Autosomal recessive limb-girdle muscular dystrophy type 2A|Muscular dystrophy, limb-girdle, autosomal dominant 4",
15,42336296,42336296,Pathogenic,"Autosomal recessive limb-girdle muscular dystrophy type 2A|not provided|Muscular dystrophy, limb-girdle, autosomal dominant 4|Autosomal recessive limb-girdle muscular dystrophy",
15,42336596,42336596,Uncertain significance,"Autosomal recessive limb-girdle muscular dystrophy type 2A|Muscular dystrophy, limb-girdle, autosomal dominant 4",
15,42338296,42338296,Uncertain significance,Autosomal recessive limb-girdle muscular dystrophy type 2A|Inborn genetic diseases,
15,42338596,42338596,Pathogenic,not provided|Autosomal recessive limb-girdle muscular dystrophy type 2A,
15,42338996,42338996,Likely benign,not provided,
15,42380596,42380596,Pathogenic,Autosomal recessive limb-girdle muscular dystrophy type 2A,
15,42380696,42380696,Benign,not provided,
15,42380896,42380896,Likely pathogenic,Autosomal recessive limb-girdle muscular dystrophy type 2A|not specified,
15,42382196,42382196,Benign,not provided,
15,42382596,42382596,Likely pathogenic,"Muscular dystrophy, limb-girdle, autosomal dominant 4",
15,42382896,42382896,Pathogenic,not provided|Autosomal recessive limb-girdle muscular dystrophy type 2A|not specified,
15,42384596,42384596,Pathogenic,Autosomal recessive limb-girdle muscular dystrophy type 2A|not provided,
15,42384896,42384896,Likely pathogenic,"Muscular dystrophy, limb-girdle, autosomal dominant 4|Autosomal recessive limb-girdle muscular dystrophy type 2A",
15,42386596,42386596,Likely pathogenic,Autosomal recessive limb-girdle muscular dystrophy type 2A|Autosomal recessive limb-girdle muscular dystrophy,
15,42388596,42388596,Pathogenic,Inborn genetic diseases,
15,45082001,45082001,Pathogenic,not provided|not specified,
15,45082002,45082002,Pathogenic,not provided|not specified,
15,45084001,45084001,Uncertain significance,Genetic transient congenital hypothyroidism,
15,45084002,45084002,Uncertain significance,Genetic transient congenital hypothyroidism,
15,45086001,45086001,Pathogenic,Thyroglobulin synthesis defect,
15,45086002,45086002,Pathogenic,Thyroglobulin synthesis defect,
15,45087701,45087701,Pathogenic,Thyroid dyshormonogenesis 6|not provided|DUOX2-related disorder,
15,45087702,45087702,Pathogenic,Thyroid dyshormonogenesis 6|not provided|DUOX2-related disorder,
15,45088001,45088001,Uncertain significance,not provided|Thyroid dyshormonogenesis 6,
15,45088002,45088002,Uncertain significance,not provided|Thyroid dyshormonogenesis 6,
15,45089701,45089701,Uncertain significance,Thyroid dyshormonogenesis 6|not provided|not specified,
15,45089702,45089702,Uncertain significance,Thyroid dyshormonogenesis 6|not provided|not specified,
15,45090001,45090001,Pathogenic,Thyroid dyshormonogenesis 6|not provided,
15,45090002,45090002,Pathogenic,Thyroid dyshormonogenesis 6|not provided,
15,45090401,45090401,Likely benign,not provided,
15,45090402,45090402,Likely benign,not provided,
15,45132001,45132001,Pathogenic,Inborn genetic diseases,
15,45132002,45132002,Pathogenic,Inborn genetic diseases,
15,45132101,45132101,Benign,not provided,
15,45132102,45132102,Benign,not provided,
15,45132301,45132301,Likely pathogenic,DUOX2-related disorder,
15,45132302,45132302,Likely pathogenic,DUOX2-related disorder,
15,45133601,45133601,Benign,not provided,
15,45133602,45133602,Benign,not provided,
15,45134001,45134001,Likely pathogenic,Thyroid dyshormonogenesis 6,
15,45134002,45134002,Likely pathogenic,Thyroid dyshormonogenesis 6,
15,45134301,45134301,Pathogenic,DUOX2-related disorder|not provided,
15,45134302,45134302,Pathogenic,DUOX2-related disorder|not provided,
15,45136001,45136001,Pathogenic,not provided|Inborn genetic diseases,
15,45136002,45136002,Pathogenic,not provided|Inborn genetic diseases,
15,45136301,45136301,Likely pathogenic,not provided|Thyroid dyshormonogenesis 6|Congenital hypothyroidism|DUOX2-related disorder|Inborn genetic diseases|Familial thyroid dyshormonogenesis,
15,45136302,45136302,Likely pathogenic,not provided|Thyroid dyshormonogenesis 6|Congenital hypothyroidism|DUOX2-related disorder|Inborn genetic diseases|Familial thyroid dyshormonogenesis,
15,45138001,45138001,Likely pathogenic,Inborn genetic diseases|not provided,
15,45138002,45138002,Likely pathogenic,Inborn genetic diseases|not provided,
15,45140001,45140001,Pathogenic,not provided|Thyroid dyshormonogenesis 6|not specified,
15,45140002,45140002,Pathogenic,not provided|Thyroid dyshormonogenesis 6|not specified,
15,92609128,92609128,Likely benign,not provided,
15,92650728,92650728,Pathogenic,See cases,
15,92650828,92650828,Benign,not provided,
15,92652328,92652328,Benign,not provided,
16,1199881,1199881,Pathogenic,Idiopathic generalized epilepsy|Inborn genetic diseases,
16,1201881,1201881,Uncertain significance,"Hyperaldosteronism, familial, type IV|Hyperaldosteronism, familial, type IV",
16,1203881,1203881,Pathogenic,Inborn genetic diseases,
16,1205581,1205581,Pathogenic,"Hyperaldosteronism, familial, type IV|Idiopathic generalized epilepsy",
16,1205881,1205881,Uncertain significance,"Hyperaldosteronism, familial, type IV|Epilepsy, childhood absence, susceptibility to, 6",
16,1207581,1207581,Uncertain significance,"not provided|Hyperaldosteronism, familial, type IV",
16,1207881,1207881,Pathogenic,Idiopathic generalized epilepsy,
16,1208281,1208281,Likely benign,not provided,
16,1249881,1249881,Pathogenic,"Hyperaldosteronism, familial, type IV",
16,1249981,1249981,Benign,not provided,
16,1250181,1250181,Likely pathogenic,"Idiopathic generalized epilepsy|Hyperaldosteronism, familial, type IV",
16,1251481,1251481,Benign,not provided,
16,1251881,1251881,Likely pathogenic,"Epilepsy, childhood absence, susceptibility to, 6",
16,1252181,1252181,Pathogenic,"Hyperaldosteronism, familial, type IV|not provided",
16,1253881,1253881,Pathogenic,"Hyperaldosteronism, familial, type IV|Inborn genetic diseases",
16,1254181,1254181,Likely pathogenic,"Hyperaldosteronism, familial, type IV|Inborn genetic diseases|Epilepsy, childhood absence, susceptibility to, 6",
16,1255881,1255881,Likely pathogenic,"Idiopathic generalized epilepsy|Epilepsy, childhood absence, susceptibility to, 6",
16,1257881,1257881,Pathogenic,not provided|Idiopathic generalized epilepsy,
16,2150116,2150116,Pathogenic,Polycystic kidney disease,
16,2150971,2150971,Pathogenic,TRAF7-related disorder,
16,2152116,2152116,Uncertain significance,TRAF7-related disorder,
16,2152971,2152971,Uncertain significance,not provided|not specified,
16,2154116,2154116,Pathogenic,PKD1-related disorder,
16,2154971,2154971,Pathogenic,PKD1-related disorder,
16,2155816,2155816,Pathogenic,"Autosomal dominant polycystic kidney disease|Polycystic kidney disease, adult type",
16,2156116,2156116,Uncertain significance,"not provided|Polycystic kidney disease, adult type",
16,2156671,2156671,Pathogenic,not provided|Inborn genetic diseases,
16,2156971,2156971,Uncertain significance,"not provided|Polycystic kidney disease, adult type",
16,2157816,2157816,Uncertain significance,"Polycystic kidney disease, adult type|not provided",
16,2158116,2158116,Pathogenic,Inborn genetic diseases,
16,2158516,2158516,Likely benign,not provided,
16,2158671,2158671,Uncertain significance,"not provided|Cardiac, facial, and digital anomalies with developmental delay",
16,2158971,2158971,Pathogenic,Inborn genetic diseases,
16,2159371,2159371,Likely benign,not provided,
16,2200116,2200116,Pathogenic,"Polycystic kidney disease, adult type",
16,2200216,2200216,Benign,not provided,
16,2200416,2200416,Likely pathogenic,"not provided|Cardiac, facial, and digital anomalies with developmental delay",
16,2200971,2200971,Pathogenic,"Polycystic kidney disease, adult type",
16,2201071,2201071,Benign,not provided,
16,2201271,2201271,Likely pathogenic,"Polycystic kidney disease, adult type|not provided",
16,2201716,2201716,Benign,not provided,
16,2202116,2202116,Likely pathogenic,"Cardiac, facial, and digital anomalies with developmental delay",
16,2202416,2202416,Pathogenic,not provided|Inborn genetic diseases,
16,2202571,2202571,Benign,not provided,
16,2202971,2202971,Likely pathogenic,"Cardiac, facial, and digital anomalies with developmental delay",
16,2203271,2203271,Pathogenic,"Autosomal dominant polycystic kidney disease|Polycystic kidney disease, adult type",
16,2204116,2204116,Pathogenic,Autosomal dominant polycystic kidney disease,
16,2204416,2204416,Likely pathogenic,"not specified|not provided|Polycystic kidney disease, adult type",
16,2204971,2204971,Pathogenic,Autosomal dominant polycystic kidney disease,
16,2205271,2205271,Likely pathogenic,"not specified|not provided|Polycystic kidney disease, adult type",
16,2206116,2206116,Likely pathogenic,"Inborn genetic diseases|Polycystic kidney disease, adult type",
16,2206971,2206971,Likely pathogenic,"Inborn genetic diseases|Polycystic kidney disease, adult type",
16,2208116,2208116,Pathogenic,not provided|not specified,
16,2208971,2208971,Pathogenic,Polycystic kidney disease,
16,3566837,3566837,Pathogenic,Fanconi anemia|Fanconi anemia complementation group P|Inborn genetic diseases,
16,3568837,3568837,Uncertain significance,not specified|Fanconi anemia,
16,3570837,3570837,Pathogenic,Fanconi anemia|Inborn genetic diseases,
16,3572537,3572537,Pathogenic,Fanconi anemia complementation group P|not provided|Fanconi anemia,
16,3572837,3572837,Uncertain significance,Inborn genetic diseases,
16,3574537,3574537,Uncertain significance,not specified|Fanconi anemia|Fanconi anemia complementation group P,
16,3574837,3574837,Pathogenic,Fanconi anemia|Fanconi anemia complementation group P,
16,3575237,3575237,Likely benign,not provided,
16,3616837,3616837,Pathogenic,Fanconi anemia,
16,3616937,3616937,Benign,not provided,
16,3617137,3617137,Likely pathogenic,Fanconi anemia|not provided|Fanconi anemia complementation group P,
16,3618437,3618437,Benign,not provided,
16,3618837,3618837,Likely pathogenic,Fanconi anemia complementation group P,
16,3619137,3619137,Pathogenic,Fanconi anemia|not provided,
16,3620837,3620837,Pathogenic,Fanconi anemia complementation group P|Fanconi anemia,
16,3621137,3621137,Likely pathogenic,not provided|Fanconi anemia,
16,3622837,3622837,Likely pathogenic,Fanconi anemia|Fanconi anemia complementation group P|not provided,
16,3624837,3624837,Pathogenic,Fanconi anemia|not specified|Fanconi anemia complementation group P|SLX4-related disorder|not provided,
17,11754927,11754927,Pathogenic,"Inborn genetic diseases|not provided|Ciliary dyskinesia, primary, 40",
17,11756927,11756927,Uncertain significance,not provided|Inborn genetic diseases|DNAH9-related disorder,
17,11758927,11758927,Pathogenic,not provided|DNAH9-related disorder,
17,11760627,11760627,Pathogenic,"not provided|Ciliary dyskinesia, primary, 40|DNAH9-related disorder",
17,11760927,11760927,Uncertain significance,Inborn genetic diseases|not provided,
17,11762627,11762627,Uncertain significance,DNAH9-related disorder|not provided,
17,11762927,11762927,Pathogenic,not provided|Inborn genetic diseases,
17,11763327,11763327,Likely benign,not provided,
17,11804927,11804927,Pathogenic,Inborn genetic diseases,
17,11805027,11805027,Benign,not provided,
17,11805227,11805227,Likely pathogenic,Inborn genetic diseases|not provided|DNAH9-related disorder,
17,11806527,11806527,Benign,not provided,
17,11806927,11806927,Likely pathogenic,"Ciliary dyskinesia, primary, 40",
17,11807227,11807227,Pathogenic,"Ciliary dyskinesia, primary, 40|not provided",
17,11808927,11808927,Pathogenic,DNAH9-related disorder,
17,11809227,11809227,Likely pathogenic,Primary ciliary dyskinesia|not provided|Inborn genetic diseases,
17,11810927,11810927,Likely pathogenic,"not provided|Ciliary dyskinesia, primary, 40",
17,11812927,11812927,Pathogenic,"not provided|Inborn genetic diseases|Ciliary dyskinesia, primary, 40",
17,46310538,46310538,Likely benign,not provided,
17,46331788,46331788,Likely benign,not provided,
17,46352238,46352238,Benign,not provided,
17,46353738,46353738,Benign,not provided,
17,46373488,46373488,Benign,not provided,
17,46374988,46374988,Benign,not provided,
19,32856439,32856439,Pathogenic,not provided|SLC7A9-related disorder,
19,32858439,32858439,Uncertain significance,not provided|Cystinuria,
19,32860439,32860439,Pathogenic,Cystinuria,
19,32860839,32860839,Likely benign,not provided,
19,32902439,32902439,Pathogenic,not provided|not specified,
19,32902539,32902539,Benign,not provided,
19,32904039,32904039,Benign,not provided,
19,32904439,32904439,Likely pathogenic,not specified|not provided,
19,32906439,32906439,Pathogenic,SLC7A9-related disorder,
19,32908439,32908439,Likely pathogenic,See cases,
19,40474640,40474640,Pathogenic,SPTBN4-related disorder,
19,40476640,40476640,Uncertain significance,"Neurodevelopmental disorder with hypotonia, neuropathy, and deafness|Inborn genetic diseases|not provided",
19,40478640,40478640,Pathogenic,"Inborn genetic diseases|Neurodevelopmental disorder with hypotonia, neuropathy, and deafness",
19,40480340,40480340,Pathogenic,not provided|Inborn genetic diseases|SPTBN4-related disorder,
19,40480640,40480640,Uncertain significance,Inborn genetic diseases|SPTBN4-related disorder,
19,40482340,40482340,Uncertain significance,SPTBN4-related neurodevelopmental disorder,
19,40482640,40482640,Pathogenic,"Neurodevelopmental disorder with hypotonia, neuropathy, and deafness",
19,40483040,40483040,Likely benign,not provided,
19,40524640,40524640,Pathogenic,Inborn genetic diseases,
19,40524740,40524740,Benign,not provided,
19,40524940,40524940,Likely pathogenic,not specified|Inborn genetic diseases,
19,40526240,40526240,Benign,not provided,
19,40526640,40526640,Likely pathogenic,"Neurodevelopmental disorder with hypotonia, neuropathy, and deafness|Inborn genetic diseases",
19,40526940,40526940,Pathogenic,"Inborn genetic diseases|Neurodevelopmental disorder with hypotonia, neuropathy, and deafness|not provided",
19,40528640,40528640,Pathogenic,"not provided|Neurodevelopmental disorder with hypotonia, neuropathy, and deafness",
19,40528940,40528940,Likely pathogenic,"not specified|Neurodevelopmental disorder with hypotonia, neuropathy, and deafness",
19,40530640,40530640,Likely pathogenic,Inborn genetic diseases|not provided,
19,40532640,40532640,Pathogenic,not provided|Inborn genetic diseases,
19,42265642,42265642,Pathogenic,See cases,
19,42267642,42267642,Uncertain significance,"not specified|Intellectual disability, autosomal dominant 45|not provided",
19,42269642,42269642,Pathogenic,not provided|Inborn genetic diseases,
19,42271342,42271342,Pathogenic,Autism spectrum disorder,
19,42271642,42271642,Uncertain significance,"Intellectual disability, autosomal dominant 45|Inborn genetic diseases",
19,42273342,42273342,Uncertain significance,Neoplasm,
19,42273642,42273642,Pathogenic,"Intellectual disability, autosomal dominant 45",
19,42274042,42274042,Likely benign,not provided,
19,42315642,42315642,Pathogenic,Inborn genetic diseases,
19,42315742,42315742,Benign,not provided,
19,42315942,42315942,Likely pathogenic,"Intellectual disability, autosomal dominant 45|not provided|Inborn genetic diseases",
19,42317242,42317242,Benign,not provided,
19,42317642,42317642,Likely pathogenic,CIC-related disorder,
19,42317942,42317942,Pathogenic,Inborn genetic diseases|not provided,
19,42319642,42319642,Pathogenic,"Intellectual disability, autosomal dominant 45|not provided",
19,42319942,42319942,Likely pathogenic,"Inborn genetic diseases|Intellectual disability, autosomal dominant 45",
19,42321642,42321642,Likely pathogenic,not specified|Inborn genetic diseases,
19,42323642,42323642,Pathogenic,"NK-cell enteropathy|Intellectual disability, autosomal dominant 45|not specified",
